{"cameraMode":{"drawMode":0,"name":"Shaded","section":"Shading Mode"},"sceneLighting":false,"audioPlay":false,"sceneViewState":{"showFog":true,"showMaterialUpdate":false,"showSkybox":true,"showFlares":true,"showImageEffects":true,"showParticleSystems":true},"in2DMode":false,"pivot":{"x":11.045244216918946,"y":9.427562713623047,"z":-9.592466354370118},"rotation":{"x":-0.2846444547176361,"y":-0.6595392227172852,"z":0.29880717396736147,"w":-0.6282514333724976},"size":6.750764846801758,"orthographic":true}