{"cameraMode":{"drawMode":0,"name":"Shaded","section":"Shading Mode"},"sceneLighting":false,"audioPlay":false,"sceneViewState":{"showFog":true,"showMaterialUpdate":false,"showSkybox":true,"showFlares":true,"showImageEffects":true,"showParticleSystems":true},"in2DMode":false,"pivot":{"x":-1.499998688697815,"y":0.15001383423805238,"z":29.299701690673829},"rotation":{"x":-0.04036880284547806,"y":-0.9588677883148193,"z":0.21734043955802918,"w":-0.17806226015090943},"size":11.972886085510254,"orthographic":true}