{"cameraMode":{"drawMode":0,"name":"Shaded","section":"Shading Mode"},"sceneLighting":true,"audioPlay":false,"sceneViewState":{"showFog":true,"showMaterialUpdate":false,"showSkybox":true,"showFlares":true,"showImageEffects":true,"showParticleSystems":true},"in2DMode":false,"pivot":{"x":54.83651351928711,"y":-67.86172485351563,"z":70.7513427734375},"rotation":{"x":-0.40987420082092287,"y":0.5817689895629883,"z":-0.42823711037635805,"w":-0.5569210648536682},"size":2786.133056640625,"orthographic":true}