{"cameraMode":{"drawMode":0,"name":"Shaded","section":"Shading Mode"},"sceneLighting":false,"audioPlay":false,"sceneViewState":{"showFog":true,"showMaterialUpdate":false,"showSkybox":true,"showFlares":true,"showImageEffects":true,"showParticleSystems":true},"in2DMode":false,"pivot":{"x":10.420598030090332,"y":1.0436573028564454,"z":24.1386775970459},"rotation":{"x":0.08765952289104462,"y":0.7368385195732117,"z":-0.09737735986709595,"w":0.6632515788078308},"size":4.061196804046631,"orthographic":true}