{"cameraMode":{"drawMode":0,"name":"Shaded","section":"Shading Mode"},"sceneLighting":false,"audioPlay":false,"sceneViewState":{"showFog":true,"showMaterialUpdate":false,"showSkybox":true,"showFlares":true,"showImageEffects":true,"showParticleSystems":true},"in2DMode":false,"pivot":{"x":-2.300006866455078,"y":-0.7806925773620606,"z":3.9997000694274904},"rotation":{"x":0.1646854430437088,"y":-0.07300681620836258,"z":0.01223257090896368,"w":0.9835644960403442},"size":9.148981094360352,"orthographic":true}