{"cameraMode":{"drawMode":0,"name":"Shaded","section":"Shading Mode"},"sceneLighting":false,"audioPlay":false,"sceneViewState":{"showFog":true,"showMaterialUpdate":false,"showSkybox":true,"showFlares":true,"showImageEffects":true,"showParticleSystems":true},"in2DMode":false,"pivot":{"x":-4.817296981811523,"y":-4.952305316925049,"z":1.7657021284103394},"rotation":{"x":-0.26263847947120669,"y":-0.5844092965126038,"z":0.20764395594596864,"w":-0.7391690611839294},"size":1.529916763305664,"orthographic":true}