{"cameraMode":{"drawMode":0,"name":"Shaded","section":"Shading Mode"},"sceneLighting":false,"audioPlay":false,"sceneViewState":{"showFog":true,"showMaterialUpdate":false,"showSkybox":true,"showFlares":true,"showImageEffects":true,"showParticleSystems":true},"in2DMode":false,"pivot":{"x":-0.4998512268066406,"y":2.1499531269073488,"z":70.84993743896485},"rotation":{"x":0.00013965938705950975,"y":-0.9916905760765076,"z":0.12864115834236146,"w":0.0011490345932543278},"size":11.895956039428711,"orthographic":true}