{"cameraMode":{"drawMode":0,"name":"Shaded","section":"Shading Mode"},"sceneLighting":false,"audioPlay":false,"sceneViewState":{"showFog":true,"showMaterialUpdate":false,"showSkybox":true,"showFlares":true,"showImageEffects":true,"showParticleSystems":true},"in2DMode":false,"pivot":{"x":-4.061897277832031,"y":-0.7885351181030273,"z":6.82316780090332},"rotation":{"x":-0.001513854251243174,"y":0.9938176870346069,"z":-0.11016432195901871,"w":-0.013712722808122635},"size":5.277984619140625,"orthographic":true}