{"cameraMode":{"drawMode":0,"name":"Shaded","section":"Shading Mode"},"sceneLighting":false,"audioPlay":false,"sceneViewState":{"showFog":true,"showMaterialUpdate":false,"showSkybox":true,"showFlares":true,"showImageEffects":true,"showParticleSystems":true},"in2DMode":false,"pivot":{"x":-14.587520599365235,"y":-10.463739395141602,"z":15.838665008544922},"rotation":{"x":0.2248363196849823,"y":-0.4347730278968811,"z":0.11306283622980118,"w":0.8646605610847473},"size":389.9947204589844,"orthographic":true}