{"cameraMode":{"drawMode":0,"name":"Shaded","section":"Shading Mode"},"sceneLighting":false,"audioPlay":false,"sceneViewState":{"showFog":true,"showMaterialUpdate":false,"showSkybox":true,"showFlares":true,"showImageEffects":true,"showParticleSystems":true},"in2DMode":false,"pivot":{"x":-5.650052070617676,"y":0.1500108391046524,"z":24.000106811523439},"rotation":{"x":-0.04036880284547806,"y":-0.9588677883148193,"z":0.21734043955802918,"w":-0.17806226015090943},"size":6.75074577331543,"orthographic":true}