{"cameraMode":{"drawMode":0,"name":"Shaded","section":"Shading Mode"},"sceneLighting":false,"audioPlay":false,"sceneViewState":{"showFog":true,"showMaterialUpdate":false,"showSkybox":true,"showFlares":true,"showImageEffects":true,"showParticleSystems":true},"in2DMode":false,"pivot":{"x":-1.1554837226867676,"y":-1.5474828481674195,"z":-0.9699000120162964},"rotation":{"x":-0.1392110139131546,"y":-0.22371099889278413,"z":0.03229540213942528,"w":-0.9641217589378357},"size":8.21110725402832,"orthographic":true}