{"cameraMode":{"drawMode":0,"name":"Shaded","section":"Shading Mode"},"sceneLighting":true,"audioPlay":false,"sceneViewState":{"showFog":true,"showMaterialUpdate":false,"showSkybox":true,"showFlares":true,"showImageEffects":true,"showParticleSystems":true},"in2DMode":false,"pivot":{"x":-0.19862020015716554,"y":-7.6592912673950199,"z":97.48454284667969},"rotation":{"x":-0.03329221159219742,"y":0.026080109179019929,"z":-0.0008691039984114468,"w":-0.9991049766540527},"size":138.24012756347657,"orthographic":true}