{"cameraMode":{"drawMode":0,"name":"Shaded","section":"Shading Mode"},"sceneLighting":false,"audioPlay":false,"sceneViewState":{"showFog":true,"showMaterialUpdate":false,"showSkybox":true,"showFlares":true,"showImageEffects":true,"showParticleSystems":true},"in2DMode":false,"pivot":{"x":3.9994006156921388,"y":0.2278853952884674,"z":3.9989237785339357},"rotation":{"x":-0.12421273440122605,"y":-0.281343936920166,"z":0.036745134741067889,"w":-0.9508241415023804},"size":1.625651240348816,"orthographic":true}