{"cameraMode":{"drawMode":0,"name":"Shaded","section":"Shading Mode"},"sceneLighting":false,"audioPlay":false,"sceneViewState":{"showFog":true,"showMaterialUpdate":false,"showSkybox":true,"showFlares":true,"showImageEffects":true,"showParticleSystems":true},"in2DMode":false,"pivot":{"x":-1.1319998502731324,"y":0.6100000143051148,"z":-0.24200016260147096},"rotation":{"x":-0.009027692489326,"y":0.9673506617546082,"z":-0.03484063223004341,"w":-0.25087329745292666},"size":1.350583553314209,"orthographic":true}