{"cameraMode":{"drawMode":0,"name":"Shaded","section":"Shading Mode"},"sceneLighting":false,"audioPlay":false,"sceneViewState":{"showFog":true,"showMaterialUpdate":false,"showSkybox":true,"showFlares":true,"showImageEffects":true,"showParticleSystems":true},"in2DMode":false,"pivot":{"x":-2.5499091148376467,"y":-2.349971294403076,"z":12.299732208251954},"rotation":{"x":0.13863800466060639,"y":-0.45558682084083559,"z":0.07207920402288437,"w":0.8763701915740967},"size":15.797365188598633,"orthographic":true}