{"cameraMode":{"drawMode":0,"name":"Shaded","section":"Shading Mode"},"sceneLighting":false,"audioPlay":false,"sceneViewState":{"showFog":true,"showMaterialUpdate":false,"showSkybox":true,"showFlares":true,"showImageEffects":true,"showParticleSystems":true},"in2DMode":false,"pivot":{"x":4.000000953674316,"y":0.4977877140045166,"z":-0.27129095792770388},"rotation":{"x":0.2248363345861435,"y":-0.4347730576992035,"z":0.11306284368038178,"w":0.8646606206893921},"size":4.49245023727417,"orthographic":true}