{"cameraMode":{"drawMode":0,"name":"Shaded","section":"Shading Mode"},"sceneLighting":false,"audioPlay":false,"sceneViewState":{"showFog":true,"showMaterialUpdate":false,"showSkybox":true,"showFlares":true,"showImageEffects":true,"showParticleSystems":true},"in2DMode":false,"pivot":{"x":9.092589378356934,"y":7.88051700592041,"z":-3.7638449668884279},"rotation":{"x":-0.009027692489326,"y":0.9673506617546082,"z":-0.03484063223004341,"w":-0.25087329745292666},"size":1.804463267326355,"orthographic":true}