{"cameraMode":{"drawMode":0,"name":"Shaded","section":"Shading Mode"},"sceneLighting":false,"audioPlay":false,"sceneViewState":{"showFog":true,"showMaterialUpdate":false,"showSkybox":true,"showFlares":true,"showImageEffects":true,"showParticleSystems":true},"in2DMode":false,"pivot":{"x":12.618370056152344,"y":7.344541549682617,"z":5.403999328613281},"rotation":{"x":-0.032235655933618548,"y":-0.9647992253303528,"z":0.1419658213853836,"w":-0.2190183401107788},"size":65.39159393310547,"orthographic":true}