{"cameraMode":{"drawMode":0,"name":"Shaded","section":"Shading Mode"},"sceneLighting":false,"audioPlay":false,"sceneViewState":{"showFog":true,"showMaterialUpdate":false,"showSkybox":true,"showFlares":true,"showImageEffects":true,"showParticleSystems":true},"in2DMode":false,"pivot":{"x":1.1920928955078126e-7,"y":4.400001525878906,"z":35.0},"rotation":{"x":0.05346832796931267,"y":0.9421043992042542,"z":-0.18225660920143128,"w":0.27633851766586306},"size":15.651161193847657,"orthographic":true}