{"cameraMode":{"drawMode":0,"name":"Shaded","section":"Shading Mode"},"sceneLighting":false,"audioPlay":false,"sceneViewState":{"showFog":true,"showMaterialUpdate":false,"showSkybox":true,"showFlares":true,"showImageEffects":true,"showParticleSystems":true},"in2DMode":false,"pivot":{"x":0.0000015497207641601563,"y":2.818836212158203,"z":18.0},"rotation":{"x":0.2248363196849823,"y":-0.4347730278968811,"z":0.11306283622980118,"w":0.8646605610847473},"size":11.419553756713868,"orthographic":true}