{"cameraMode":{"drawMode":0,"name":"Shaded","section":"Shading Mode"},"sceneLighting":false,"audioPlay":false,"sceneViewState":{"showFog":true,"showMaterialUpdate":false,"showSkybox":true,"showFlares":true,"showImageEffects":true,"showParticleSystems":true},"in2DMode":false,"pivot":{"x":0.0049582719802856449,"y":-4.255002021789551,"z":-3.254946708679199},"rotation":{"x":-0.04036880284547806,"y":-0.9588677883148193,"z":0.21734043955802918,"w":-0.17806226015090943},"size":20.249797821044923,"orthographic":true}