{"cameraMode":{"drawMode":0,"name":"Shaded","section":"Shading Mode"},"sceneLighting":false,"audioPlay":false,"sceneViewState":{"showFog":true,"showMaterialUpdate":false,"showSkybox":true,"showFlares":true,"showImageEffects":true,"showParticleSystems":true},"in2DMode":false,"pivot":{"x":-0.8998565673828125,"y":2.1499531269073488,"z":62.84989929199219},"rotation":{"x":0.08272825926542282,"y":-0.709300696849823,"z":0.08445345610380173,"w":0.6949217319488525},"size":12.149567604064942,"orthographic":true}