{"cameraMode":{"drawMode":0,"name":"Shaded","section":"Shading Mode"},"sceneLighting":false,"audioPlay":false,"sceneViewState":{"showFog":true,"showMaterialUpdate":false,"showSkybox":true,"showFlares":true,"showImageEffects":true,"showParticleSystems":true},"in2DMode":false,"pivot":{"x":0.09722587466239929,"y":2.6241164207458498,"z":41.99959945678711},"rotation":{"x":0.03485095128417015,"y":0.957672119140625,"z":-0.13153664767742158,"w":0.2536683976650238},"size":9.14723014831543,"orthographic":true}