{"cameraMode":{"drawMode":0,"name":"Shaded","section":"Shading Mode"},"sceneLighting":true,"audioPlay":false,"sceneViewState":{"showFog":true,"showMaterialUpdate":false,"showSkybox":true,"showFlares":true,"showImageEffects":true,"showParticleSystems":true},"in2DMode":false,"pivot":{"x":7.93818473815918,"y":84.8375015258789,"z":198.21290588378907},"rotation":{"x":0.3321613371372223,"y":-0.646794855594635,"z":0.37187162041664126,"w":0.577093243598938},"size":240.70994567871095,"orthographic":true}