{"cameraMode":{"drawMode":0,"name":"Shaded","section":"Shading Mode"},"sceneLighting":false,"audioPlay":false,"sceneViewState":{"showFog":true,"showMaterialUpdate":false,"showSkybox":true,"showFlares":true,"showImageEffects":true,"showParticleSystems":true},"in2DMode":false,"pivot":{"x":1.6897733211517335,"y":0.7128673195838928,"z":38.98762893676758},"rotation":{"x":-0.20739790797233582,"y":0.5748202800750732,"z":-0.15353700518608094,"w":-0.7765269875526428},"size":6.877776145935059,"orthographic":true}