{"cameraMode":{"drawMode":0,"name":"Shaded","section":"Shading Mode"},"sceneLighting":false,"audioPlay":false,"sceneViewState":{"showFog":true,"showMaterialUpdate":false,"showSkybox":true,"showFlares":true,"showImageEffects":true,"showParticleSystems":true},"in2DMode":false,"pivot":{"x":-0.04659461975097656,"y":-2.2000012397766115,"z":48.0},"rotation":{"x":0.0941920354962349,"y":0.5406991839408875,"z":-0.06107800826430321,"w":0.8336915969848633},"size":15.296256065368653,"orthographic":true}