{"cameraMode":{"drawMode":0,"name":"Shaded","section":"Shading Mode"},"sceneLighting":false,"audioPlay":false,"sceneViewState":{"showFog":true,"showMaterialUpdate":false,"showSkybox":true,"showFlares":true,"showImageEffects":true,"showParticleSystems":true},"in2DMode":false,"pivot":{"x":0.10006475448608399,"y":-0.21498537063598634,"z":9.689935684204102},"rotation":{"x":0.13056789338588715,"y":0.7082386612892151,"z":-0.13590791821479798,"w":0.6803520917892456},"size":78.17350006103516,"orthographic":true}